Index-1,Index-2,$,Brent
0.038154,0.038135,0.1153,0.568274
0.03819,0.038154,0.115426,0.570831
0.038186,0.03819,0.116242,0.568855
0.038261,0.038186,0.117592,0.548983
0.038302,0.038261,0.119004,0.560604
0.038491,0.038302,0.121516,0.538989
0.03851,0.038491,0.11935,0.626845
0.038513,0.03851,0.122269,0.632888
0.038521,0.038513,0.1223,0.638466
0.038881,0.038521,0.122049,0.626729
0.039127,0.038881,0.121673,0.615921
0.039084,0.039127,0.122395,0.631377
0.038927,0.039084,0.122143,0.646833
0.038922,0.038927,0.121421,0.647182
0.038839,0.038922,0.122332,0.647531
0.038811,0.038839,0.122865,0.62638
0.038823,0.038811,0.123305,0.641604
0.038681,0.038823,0.12296,0.638234
0.038541,0.038681,0.122991,0.643231
0.038602,0.038541,0.124874,0.632888
0.03856,0.038602,0.125188,0.639744
0.038433,0.03856,0.127637,0.641023
0.038466,0.038433,0.127825,0.642301
0.038386,0.038466,0.129363,0.65183
0.038334,0.038386,0.127919,0.653341
0.038235,0.038334,0.123933,0.652411
0.037951,0.038235,0.120385,0.660314
0.037986,0.037951,0.121767,0.644625
0.037993,0.037986,0.122865,0.65613
0.037996,0.037993,0.122426,0.661127
0.037918,0.037996,0.122551,0.663568
0.037921,0.037918,0.123839,0.638466
0.037813,0.037921,0.124466,0.623359
0.037819,0.037813,0.124906,0.640325
0.037941,0.037819,0.124027,0.644393
0.038036,0.037941,0.123807,0.64846
0.038041,0.038036,0.122865,0.649157
0.038136,0.038041,0.120354,0.644625
0.038185,0.038136,0.119915,0.626612
0.0381,0.038185,0.119538,0.629402
0.038106,0.0381,0.120323,0.644858
0.038128,0.038106,0.120856,0.641836
0.03764,0.038128,0.120982,0.644277
0.037544,0.03764,0.12117,0.640093
0.037382,0.037544,0.121139,0.645206
0.037379,0.037382,0.120888,0.65032
0.037501,0.037379,0.120009,0.641836
0.037508,0.037501,0.119946,0.647298
0.037239,0.037508,0.120103,0.660081
0.036955,0.037239,0.120637,0.657292
0.036854,0.036955,0.120919,0.660198
0.036884,0.036854,0.120762,0.647531
0.036926,0.036884,0.120417,0.639744
0.036939,0.036926,0.120103,0.640558
0.036951,0.036939,0.120197,0.646485
0.036956,0.036951,0.120009,0.658919
0.037027,0.036956,0.119726,0.64602
0.037039,0.037027,0.119538,0.650436
0.03713,0.037039,0.119758,0.647879
0.037327,0.03713,0.11935,0.646717
0.037356,0.037327,0.119067,0.648576
0.037375,0.037356,0.118973,0.652876
0.037424,0.037375,0.118879,0.658454
0.037446,0.037424,0.118659,0.648925
0.037454,0.037446,0.118596,0.657525
0.037315,0.037454,0.11869,0.650668
0.037323,0.037315,0.118628,0.649971
0.037329,0.037323,0.118628,0.64602
0.037268,0.037329,0.118785,0.654968
0.037104,0.037268,0.11869,0.640093
0.036927,0.037104,0.118471,0.649622
0.036938,0.036927,0.118063,0.650901
0.036943,0.036938,0.117592,0.649855
0.036695,0.036943,0.116901,0.617199
0.03671,0.036695,0.118,0.606508
0.036716,0.03671,0.117686,0.596979
0.036718,0.036716,0.117717,0.596746
0.036865,0.036718,0.118125,0.591749
0.036913,0.036865,0.11913,0.602092
0.03715,0.036913,0.117654,0.601511
0.037273,0.03715,0.118251,0.587565
0.037281,0.037273,0.117843,0.590354
0.037291,0.037281,0.118157,0.589773
0.037303,0.037291,0.118219,0.596514
0.03732,0.037303,0.11778,0.609181
0.037336,0.03732,0.118314,0.617316
0.03735,0.037336,0.117811,0.629518
0.037371,0.03735,0.118188,0.631726
0.037426,0.037371,0.118063,0.637885
0.037453,0.037426,0.118125,0.641952
0.037572,0.037453,0.118125,0.650552
0.037584,0.037572,0.118125,0.649157
0.037704,0.037584,0.118031,0.649506
0.037747,0.037704,0.117874,0.643347
0.037639,0.037747,0.117874,0.637885
0.037683,0.037639,0.117717,0.615107
0.037833,0.037683,0.117686,0.615805
0.038147,0.037833,0.117686,0.603835
0.038189,0.038147,0.117811,0.599651
0.038206,0.038189,0.117811,0.605462
0.038288,0.038206,0.118031,0.602208
0.038364,0.038288,0.118439,0.597792
0.038379,0.038364,0.118439,0.601162
0.038399,0.038379,0.118251,0.598722
0.038454,0.038399,0.118094,0.586403
0.038467,0.038454,0.118188,0.590238
0.038336,0.038467,0.118125,0.562231
0.038319,0.038336,0.118,0.570598
0.038359,0.038319,0.117937,0.573388
0.038414,0.038359,0.117843,0.566299
0.038543,0.038414,0.117937,0.583614
0.03855,0.038543,0.118,0.590006
0.038464,0.03855,0.117906,0.590819
0.038462,0.038464,0.117843,0.602208
0.038544,0.038462,0.117874,0.600232
0.038648,0.038544,0.118376,0.60674
0.039,0.038648,0.117435,0.610227
0.039056,0.039,0.117403,0.62301
0.039023,0.039056,0.117246,0.626031
0.039023,0.039023,0.117811,0.629285
0.039033,0.039023,0.117654,0.627077
0.038925,0.039033,0.117497,0.598024
0.038825,0.038925,0.117309,0.606043
0.038774,0.038825,0.117341,0.60767
0.038728,0.038774,0.117278,0.60244
0.038729,0.038728,0.117215,0.58466
0.038621,0.038729,0.117152,0.580476
0.038623,0.038621,0.117089,0.582452
0.038366,0.038623,0.117341,0.558512
0.038413,0.038366,0.117278,0.556188
0.03842,0.038413,0.117246,0.559558
0.038272,0.03842,0.117089,0.561185
0.038206,0.038272,0.116995,0.566182
0.038225,0.038206,0.117089,0.546194
0.038138,0.038225,0.117152,0.545264
0.037996,0.038138,0.117717,0.550494
0.037933,0.037996,0.117717,0.545148
0.037937,0.037933,0.11756,0.534805
0.037874,0.037937,0.117466,0.52086
0.037834,0.037874,0.117937,0.529227
0.03784,0.037834,0.117843,0.532597
0.037859,0.03784,0.118,0.549797
0.037905,0.037859,0.118941,0.551075
0.037888,0.037905,0.118785,0.556886
0.037837,0.037888,0.118628,0.577339
0.037824,0.037837,0.118659,0.576525
0.03785,0.037824,0.11891,0.555375
0.038318,0.03785,0.118722,0.562696
0.0383,0.038318,0.118659,0.56839
0.038334,0.0383,0.118628,0.562696
0.038355,0.038334,0.118596,0.567577
0.03856,0.038355,0.118565,0.577571
0.038805,0.03856,0.118533,0.572923
0.038897,0.038805,0.118502,0.558512
0.038931,0.038897,0.118408,0.564788
0.03905,0.038931,0.118628,0.583382
0.039208,0.03905,0.119287,0.59233
0.039165,0.039208,0.119507,0.598373
0.039199,0.039165,0.119663,0.610343
0.03922,0.039199,0.119695,0.611854
0.039163,0.03922,0.119883,0.601743
0.039091,0.039163,0.119946,0.608483
0.039148,0.039091,0.119946,0.609181
0.0391,0.039148,0.119758,0.6086
0.039114,0.0391,0.119632,0.605927
0.039242,0.039114,0.119632,0.612435
0.03933,0.039242,0.119695,0.603138
0.039281,0.03933,0.119663,0.605462
0.03928,0.039281,0.119695,0.589541
0.039298,0.03928,0.11982,0.590354
0.03932,0.039298,0.119915,0.584195
0.039422,0.03932,0.12004,0.593027
0.039452,0.039422,0.120166,0.612667
0.03948,0.039452,0.120229,0.600349
0.039623,0.03948,0.120229,0.602789
0.039705,0.039623,0.120323,0.610924
0.039876,0.039705,0.120919,0.604765
0.03987,0.039876,0.121139,0.609064
0.039931,0.03987,0.121107,0.603021
0.040046,0.039931,0.121264,0.6043
0.040056,0.040046,0.121547,0.591052
0.040131,0.040056,0.121861,0.608716
0.040091,0.040131,0.122112,0.613016
0.040143,0.040091,0.121767,0.608251
0.040278,0.040143,0.121861,0.620337
0.04025,0.040278,0.122238,0.629866
0.040048,0.04025,0.122426,0.624985
0.040103,0.040048,0.122426,0.625683
0.040151,0.040103,0.122865,0.63068
0.040177,0.040151,0.123054,0.641023
0.040254,0.040177,0.122551,0.644625
0.040366,0.040254,0.122363,0.646368
0.040605,0.040366,0.122332,0.644741
0.041053,0.040605,0.122175,0.64079
0.041287,0.041053,0.122206,0.654155
0.041271,0.041287,0.122206,0.655782
0.04117,0.041271,0.122175,0.660779
0.041136,0.04117,0.122426,0.68588
0.04119,0.041136,0.122614,0.67914
0.041281,0.04119,0.122646,0.672865
0.041135,0.041281,0.122928,0.652179
0.041058,0.041135,0.123368,0.650784
0.041094,0.041058,0.123587,0.64846
0.040921,0.041094,0.124655,0.662406
0.040678,0.040921,0.124874,0.646368
0.0407,0.040678,0.126852,0.648344
0.040759,0.0407,0.126318,0.657873
0.040764,0.040759,0.126067,0.661708
0.041014,0.040764,0.125471,0.65369
0.041077,0.041014,0.125785,0.664381
0.041171,0.041077,0.125816,0.672981
0.041205,0.041171,0.126161,0.67147
0.041257,0.041205,0.126224,0.676351
0.041575,0.041257,0.125973,0.672167
0.041599,0.041575,0.12591,0.672865
0.041535,0.041599,0.12613,0.666473
0.041623,0.041535,0.126507,0.678443
0.041674,0.041623,0.126444,0.679256
0.041818,0.041674,0.127449,0.704474
0.04205,0.041818,0.127731,0.69878
0.042079,0.04205,0.127292,0.703544
0.042162,0.042079,0.127197,0.706798
0.042256,0.042162,0.127386,0.702847
0.042267,0.042256,0.12726,0.722371
0.042285,0.042267,0.127637,0.722255
0.042255,0.042285,0.127825,0.74631
0.042274,0.042255,0.127762,0.740616
0.042281,0.042274,0.127888,0.737246
0.042232,0.042281,0.128171,0.739454
0.042207,0.042232,0.128673,0.739919
0.04225,0.042207,0.129834,0.733992
0.042306,0.04225,0.129395,0.721441
0.042333,0.042306,0.128736,0.718884
0.042428,0.042333,0.128579,0.728995
0.042456,0.042428,0.128516,0.722022
0.042703,0.042456,0.128484,0.727135
0.042974,0.042703,0.129363,0.73527
0.043518,0.042974,0.129552,0.742359
0.043608,0.043518,0.129269,0.737594
0.043896,0.043608,0.129552,0.733876
0.043846,0.043896,0.129834,0.728646
0.043916,0.043846,0.130431,0.739686
0.04375,0.043916,0.130713,0.739338
0.043743,0.04375,0.131404,0.72516
0.043818,0.043743,0.131906,0.730854
0.04385,0.043818,0.131937,0.736084
0.043869,0.04385,0.132063,0.735967
0.044039,0.043869,0.132189,0.750843
0.044557,0.044039,0.132471,0.73864
0.044872,0.044557,0.13244,0.725741
0.044872,0.044872,0.132189,0.736084
0.044872,0.044872,0.131843,0.734805
0.045508,0.044872,0.131529,0.734805
0.045986,0.045508,0.13131,0.7362
0.045927,0.045986,0.131247,0.749913
0.045981,0.045927,0.131749,0.751772
0.045942,0.045981,0.131404,0.75584
0.046571,0.045942,0.131404,0.755375
0.046914,0.046571,0.131655,0.752237
0.047313,0.046914,0.131184,0.77025
0.047214,0.047313,0.131498,0.765369
0.047092,0.047214,0.131498,0.769553
0.046761,0.047092,0.132942,0.774317
0.045968,0.046761,0.134606,0.773155
0.046278,0.045968,0.134606,0.773271
0.046294,0.046278,0.136207,0.773736
0.046144,0.046294,0.137305,0.788611
0.046308,0.046144,0.135987,0.786171
0.046291,0.046308,0.136646,0.786984
0.046338,0.046291,0.137965,0.788611
0.04625,0.046338,0.137054,0.798605
0.046268,0.04625,0.138153,0.802557
0.04648,0.046268,0.138467,0.812086
0.046769,0.04648,0.138938,0.811156
0.047114,0.046769,0.138781,0.815107
0.047428,0.047114,0.139032,0.804765
0.047585,0.047428,0.139628,0.805346
0.047534,0.047585,0.142297,0.798954
0.047247,0.047534,0.144306,0.798954
0.047443,0.047247,0.143741,0.803486
0.04773,0.047443,0.143772,0.814875
0.047873,0.04773,0.143332,0.822894
0.047793,0.047873,0.141763,0.818826
0.047821,0.047793,0.143395,0.815224
0.047644,0.047821,0.14283,0.803719
0.047409,0.047644,0.143364,0.795003
0.047205,0.047409,0.145812,0.801395
0.047005,0.047205,0.147664,0.811273
0.047048,0.047005,0.14892,0.797211
0.047157,0.047048,0.146786,0.783382
0.047106,0.047157,0.147225,0.769553
0.047285,0.047106,0.142673,0.778268
0.047036,0.047285,0.148324,0.727716
0.047104,0.047036,0.152216,0.728995
0.04719,0.047104,0.153095,0.729924
0.047308,0.04719,0.151212,0.749099
0.047347,0.047308,0.147445,0.750029
0.04729,0.047347,0.144682,0.754096
0.047212,0.04729,0.143615,0.75398
0.047216,0.047212,0.141826,0.756072
0.047226,0.047216,0.14057,0.782452
0.047179,0.047226,0.140507,0.779082
0.047188,0.047179,0.14057,0.782103
0.047189,0.047188,0.140382,0.771877
0.047122,0.047189,0.14035,0.750843
0.046846,0.047122,0.14779,0.748867
0.04683,0.046846,0.149736,0.750145
0.046747,0.04683,0.149705,0.76258
0.046655,0.046747,0.149893,0.763974
0.046592,0.046655,0.150301,0.748867
0.046464,0.046592,0.150552,0.761534
0.046192,0.046464,0.150772,0.762464
0.046272,0.046192,0.151494,0.755026
0.04633,0.046272,0.15118,0.750843
0.04595,0.04633,0.152279,0.753399
0.045975,0.04595,0.151651,0.768158
0.046092,0.045975,0.151274,0.768507
0.046318,0.046092,0.152467,0.768507
0.046383,0.046318,0.156674,0.811273
0.046414,0.046383,0.16019,0.808251
0.046465,0.046414,0.158494,0.801395
0.04663,0.046465,0.1584,0.800581
0.046701,0.04663,0.158651,0.787333
0.046732,0.046701,0.158714,0.792679
0.046554,0.046732,0.162324,0.779082
0.046343,0.046554,0.177675,0.765485
0.046718,0.046343,0.18411,0.796979
0.046538,0.046718,0.18411,0.827775
0.046316,0.046538,0.18411,0.83498
0.046172,0.046316,0.18411,0.843347
0.045941,0.046172,0.17554,0.831145
0.045949,0.045941,0.174975,0.831726
0.045949,0.045949,0.176199,0.856014
0.045825,0.045949,0.176827,0.855665
0.045454,0.045825,0.175383,0.872051
0.04536,0.045454,0.173562,0.865195
0.045494,0.04536,0.171082,0.858803
0.045599,0.045494,0.170235,0.858454
0.045353,0.045599,0.175885,0.864846
0.045123,0.045353,0.183764,0.857525
0.045018,0.045123,0.179024,0.866241
0.04503,0.045018,0.187249,0.851482
0.044784,0.04503,0.20037,0.870773
0.044663,0.044784,0.199335,0.871121
0.044815,0.044663,0.18593,0.874608
0.045027,0.044815,0.20059,0.878791
0.045068,0.045027,0.206272,0.897153
0.045164,0.045068,0.207088,0.895061
0.045296,0.045164,0.202631,0.894712
0.045555,0.045296,0.198707,0.910866
0.045652,0.045555,0.201344,0.909123
0.045669,0.045652,0.193119,0.920511
0.045747,0.045669,0.19268,0.914468
0.045763,0.045747,0.194657,0.914236
0.045807,0.045763,0.198801,0.922719
0.045808,0.045807,0.200496,0.922836
0.045911,0.045808,0.199774,0.925741
0.046079,0.045911,0.20081,0.885415
0.045999,0.046079,0.199743,0.888669
0.045952,0.045999,0.199429,0.875421
0.045894,0.045952,0.197514,0.8767
0.045975,0.045894,0.202097,0.904823
0.046155,0.045975,0.20059,0.890296
0.046178,0.046155,0.202128,0.875537
0.046216,0.046178,0.21142,0.888088
0.046138,0.046216,0.206429,0.887856
0.046105,0.046138,0.212864,0.88774
0.046361,0.046105,0.220838,0.881348
0.047692,0.046361,0.21999,0.890761
0.049282,0.047692,0.220712,0.849274
0.050283,0.049282,0.221434,0.875073
0.051231,0.050283,0.226865,0.873562
0.052371,0.051231,0.232295,0.865195
0.052625,0.052371,0.235623,0.877513
0.053904,0.052625,0.273261,0.875305
0.055402,0.053904,0.255996,0.863335
0.05461,0.055402,0.247708,0.885067
0.05355,0.05461,0.250314,0.896804
0.053648,0.05355,0.250345,0.920744
0.052285,0.053648,0.262368,0.90982
0.052882,0.052285,0.261521,0.898664
0.054041,0.052882,0.256153,0.902847
0.054111,0.054041,0.25157,0.908425
0.053419,0.054111,0.251727,0.896339
0.053322,0.053419,0.250691,0.909355
0.053321,0.053322,0.244381,0.915747
0.052675,0.053321,0.244538,0.859617
0.052392,0.052675,0.249906,0.872516
0.051985,0.052392,0.253453,0.869959
0.052004,0.051985,0.248587,0.83835
0.051845,0.052004,0.257251,0.838234
0.051843,0.051845,0.255337,0.847298
0.052093,0.051843,0.271534,0.848228
0.05235,0.052093,0.279288,0.849157
0.052268,0.05235,0.294136,0.847995
0.052141,0.052268,0.295266,0.852179
0.052336,0.052141,0.287387,0.8595
0.052336,0.052336,0.292441,0.865311
0.052336,0.052336,0.296836,0.864033
0.053816,0.052336,0.304307,0.864149
0.054766,0.053816,0.365708,0.868797
0.056164,0.054766,0.360058,0.8767
0.058287,0.056164,0.330895,0.862522
0.059624,0.058287,0.332685,0.842301
0.059817,0.059624,0.318559,0.852528
0.061787,0.059817,0.308168,0.852528
0.064134,0.061787,0.301231,0.85613
0.064257,0.064134,0.281768,0.866473
0.063265,0.064257,0.321886,0.840558
0.062059,0.063265,0.327348,0.846368
0.062486,0.062059,0.316581,0.847995
0.061823,0.062486,0.333564,0.845671
0.062979,0.061823,0.331335,0.843231
0.062763,0.062979,0.329702,0.821848
0.063272,0.062763,0.324272,0.834863
0.064628,0.063272,0.323487,0.834399
0.065936,0.064628,0.326909,0.838582
0.065857,0.065936,0.332245,0.841952
0.065585,0.065857,0.327693,0.878908
0.066662,0.065585,0.330958,0.884718
0.067492,0.066662,0.336357,0.889715
0.065788,0.067492,0.347219,0.887042
0.066128,0.065788,0.345649,0.901917
0.065472,0.066128,0.351237,0.902499
0.064302,0.065472,0.375973,0.902847
0.065062,0.064302,0.376695,0.90645
0.066374,0.065062,0.401651,0.901336
0.066244,0.066374,0.429715,0.89785
0.067165,0.066244,0.422118,0.895177
0.068418,0.067165,0.406925,0.898315
0.07071,0.068418,0.433702,0.899012
0.07147,0.07071,0.424818,0.919465
0.074588,0.07147,0.430563,0.925276
0.076059,0.074588,0.431944,0.907496
0.074901,0.076059,0.442052,0.907728
0.076037,0.074901,0.447796,0.905055
0.075679,0.076037,0.453541,0.918071
0.077223,0.075679,0.459286,0.914352
0.079404,0.077223,0.46503,0.909239
0.081113,0.079404,0.470775,0.938059
0.083996,0.081113,0.476519,0.943173
0.08689,0.083996,0.482264,0.943056
0.090147,0.08689,0.488009,0.963858
0.09385,0.090147,0.493753,0.963161
0.094031,0.09385,0.499498,0.989425
0.090557,0.094031,0.505242,0.983149
0.089259,0.090557,0.510987,1
0.08855,0.089259,0.516732,0.977455
0.084862,0.08855,0.522476,0.976525
0.084269,0.084862,0.528221,0.974898
0.086992,0.084269,0.533965,0.984776
0.087073,0.086992,0.53971,0.961534
0.084195,0.087073,0.545455,0.935967
0.084096,0.084195,0.551199,0.935503
0.086874,0.084096,0.556944,0.938757
0.087948,0.086874,0.562688,0.944916
0.087993,0.087948,0.568433,0.933178
0.09071,0.087993,0.574178,0.928995
0.091124,0.09071,0.579922,0.929692
0.090326,0.091124,0.585667,0.930506
0.089143,0.090326,0.591411,0.887042
0.087094,0.089143,0.597156,0.877048
0.086027,0.087094,0.579169,0.902731
0.086886,0.086027,0.561182,0.902499
0.088133,0.086886,0.543194,0.894131
0.088204,0.088133,0.525207,0.883091
0.088243,0.088204,0.50722,0.844393
0.087988,0.088243,0.489233,0.843347
0.088585,0.087988,0.471246,0.846368
0.089038,0.088585,0.453258,0.836374
0.08862,0.089038,0.435271,0.809297
0.086906,0.08862,0.417284,0.808135
0.087648,0.086906,0.399297,0.803719
0.08813,0.087648,0.38131,0.755375
0.087544,0.08813,0.371673,0.75398
0.086017,0.087544,0.371045,0.773852
0.083486,0.086017,0.379426,0.77792
0.084572,0.083486,0.39936,0.778617
0.084881,0.084572,0.403064,0.77792
0.084522,0.084881,0.401526,0.724463
0.082377,0.084522,0.399454,0.688205
0.080073,0.082377,0.387211,0.686113
0.080427,0.080073,0.386207,0.704009
0.078778,0.080427,0.380305,0.687159
0.076894,0.078778,0.356542,0.684602
0.078474,0.076894,0.380148,0.687856
0.079997,0.078474,0.358802,0.718303
0.079707,0.079997,0.356824,0.717722
0.080264,0.079707,0.356354,0.71749
0.080371,0.080264,0.361533,0.712493
0.080279,0.080371,0.352869,0.707496
0.080291,0.080279,0.338712,0.693434
0.079963,0.080291,0.339622,0.700639
0.079538,0.079963,0.304809,0.698664
0.079122,0.079538,0.31815,0.69878
0.077786,0.079122,0.312343,0.700755
0.076844,0.077786,0.312029,0.683905
0.076553,0.076844,0.312029,0.654503
0.07508,0.076553,0.313599,0.65799
0.074343,0.07508,0.313599,0.621732
0.075374,0.074343,0.313599,0.628704
0.075754,0.075374,0.317052,0.589541
0.075497,0.075754,0.329608,0.639163
0.076215,0.075497,0.351582,0.641836
0.077336,0.076215,0.32333,0.618942
0.077594,0.077336,0.335886,0.61627
0.07764,0.077594,0.339026,0.629402
0.077849,0.07764,0.329608,0.642533
0.077396,0.077849,0.328039,0.638815
0.077497,0.077396,0.332433,0.665078
0.077578,0.077497,0.331178,0.66717
0.078082,0.077578,0.335886,0.668216
0.078872,0.078082,0.342165,0.682045
0.079287,0.078872,0.341537,0.714817
0.079335,0.079287,0.354721,0.704474
0.079126,0.079335,0.35786,0.703661
0.079223,0.079126,0.35786,0.687391
0.079583,0.079223,0.353152,0.704126
0.079655,0.079583,0.35943,0.71319
0.079913,0.079655,0.35943,0.727716
0.079646,0.079913,0.35943,0.727716
0.077889,0.079646,0.36508,0.730273
0.078314,0.077889,0.365708,0.713771
0.078379,0.078314,0.362255,0.710982
0.078156,0.078379,0.365708,0.714817
0.077348,0.078156,0.370103,0.715747
0.076877,0.077348,0.370417,0.696223
0.077038,0.076877,0.371359,0.709239
0.077106,0.077038,0.374969,0.715049
0.076895,0.077106,0.354721,0.729924
0.075692,0.076895,0.345304,0.730273
0.076023,0.075692,0.365708,0.728995
0.076192,0.076023,0.368847,0.721209
0.07626,0.076192,0.371986,0.728298
0.076227,0.07626,0.367592,0.721557
0.075989,0.076227,0.373556,0.725741
0.07567,0.075989,0.374498,0.7405
0.075576,0.07567,0.379834,0.770598
0.075114,0.075576,0.387682,0.770598
0.075379,0.075114,0.404947,0.772458
0.075707,0.075379,0.401808,0.772109
0.076718,0.075707,0.407145,0.779895
0.079017,0.076718,0.392391,0.77792
0.079865,0.079017,0.428491,0.781522
0.080232,0.079865,0.422212,0.753283
0.079231,0.080232,0.417504,0.761185
0.079511,0.079231,0.415934,0.770831
0.079066,0.079511,0.422212,0.754096
0.079101,0.079066,0.407647,0.755375
0.079003,0.079101,0.398889,0.757699
0.078212,0.079003,0.395467,0.76258
0.078324,0.078212,0.412921,0.764207
0.078411,0.078324,0.412826,0.763393
0.079114,0.078411,0.409405,0.76258
0.08051,0.079114,0.405104,0.774898
0.080769,0.08051,0.403284,0.775479
0.081349,0.080769,0.403535,0.786055
0.082315,0.081349,0.407616,0.780244
0.082988,0.082315,0.404414,0.778966
0.084612,0.082988,0.404602,0.783614
0.085939,0.084612,0.404759,0.784428
0.086197,0.085939,0.40658,0.777571
0.086472,0.086197,0.406548,0.78373
0.087326,0.086472,0.406266,0.781174
0.089162,0.087326,0.414365,0.78559
0.089125,0.089162,0.414365,0.802324
0.089728,0.089125,0.414051,0.818245
0.090468,0.089728,0.42036,0.818245
0.090718,0.090468,0.429746,0.825799
0.091599,0.090718,0.444971,0.821267
0.093308,0.091599,0.43163,0.833004
0.093897,0.093308,0.426921,0.831145
0.094321,0.093897,0.422212,0.831145
0.097074,0.094321,0.429746,0.82731
0.097115,0.097074,0.425132,0.832423
0.096162,0.097115,0.420674,0.832307
0.09831,0.096162,0.425226,0.836142
0.098284,0.09831,0.431944,0.861941
0.09758,0.098284,0.432948,0.866473
0.098022,0.09758,0.433168,0.866473
0.098748,0.098022,0.434643,0.832307
0.100652,0.098748,0.444092,0.832423
0.103357,0.100652,0.444218,0.831261
0.10421,0.103357,0.44111,0.836258
0.105878,0.10421,0.447325,0.838931
0.108033,0.105878,0.455048,0.823126
0.107777,0.108033,0.462864,0.823126
0.103815,0.107777,0.461452,0.83312
0.100148,0.103815,0.469237,0.83312
0.101662,0.100148,0.470555,0.808716
0.100609,0.101662,0.469299,0.822777
0.098162,0.100609,0.459882,0.822777
0.099934,0.098162,0.465721,0.813829
0.101855,0.099934,0.46616,0.827193
0.101505,0.101855,0.46594,0.836723
0.102337,0.101505,0.456743,0.838001
0.102387,0.102337,0.455173,0.838001
0.101916,0.102387,0.43163,0.837536
0.103464,0.101916,0.431536,0.83835
0.103501,0.103464,0.437908,0.821848
0.103091,0.103501,0.438128,0.804416
0.104659,0.103091,0.434769,0.784079
0.107391,0.104659,0.43163,0.796746
0.107979,0.107391,0.420643,0.78803
0.106974,0.107979,0.425352,0.716909
0.108011,0.106974,0.415589,0.716909
0.109185,0.108011,0.411163,0.705171
0.109139,0.109185,0.410912,0.735503
0.110544,0.109139,0.398575,0.735503
0.110765,0.110544,0.403221,0.72423
0.110933,0.110765,0.404571,0.723998
0.112249,0.110933,0.404947,0.69541
0.112641,0.112249,0.406077,0.721906
0.11459,0.112641,0.423594,0.721092
0.114561,0.11459,0.418634,0.708542
0.114074,0.114561,0.414427,0.723998
0.112983,0.114074,0.411069,0.721906
0.112505,0.112983,0.408086,0.758977
0.114224,0.112505,0.408086,0.748983
0.116681,0.114224,0.414019,0.745381
0.117899,0.116681,0.411226,0.746543
0.119572,0.117899,0.406203,0.760256
0.119551,0.119572,0.403378,0.748286
0.118872,0.119551,0.398669,0.757699
0.119427,0.118872,0.401808,0.729111
0.119748,0.119427,0.400082,0.74201
0.118065,0.119748,0.406203,0.747008
0.118547,0.118065,0.404884,0.749216
0.119897,0.118547,0.401526,0.74201
0.119639,0.119897,0.400019,0.746659
0.120074,0.119639,0.400176,0.776293
0.120547,0.120074,0.39553,0.776409
0.121977,0.120547,0.392391,0.777223
0.121845,0.121977,0.379834,0.770947
0.118461,0.121845,0.373211,0.73864
0.118712,0.118461,0.357515,0.723998
0.118543,0.118712,0.365645,0.730273
0.120093,0.118543,0.373462,0.730273
0.121727,0.120093,0.373556,0.736549
0.120871,0.121727,0.386113,0.742708
0.121634,0.120871,0.382754,0.73283
0.121351,0.121634,0.379646,0.735619
0.121374,0.121351,0.381404,0.736432
0.121453,0.121374,0.378014,0.738408
0.12165,0.121453,0.378265,0.751656
0.122395,0.12165,0.374906,0.749216
0.122399,0.122395,0.376413,0.712028
0.122916,0.122399,0.373556,0.712028
0.123478,0.122916,0.373273,0.694131
0.122908,0.123478,0.374874,0.686694
0.12274,0.122908,0.373368,0.658803
0.122809,0.12274,0.370417,0.677397
0.123083,0.122809,0.367278,0.679372
0.12367,0.123083,0.366995,0.711214
0.125544,0.12367,0.368596,0.682045
0.126481,0.125544,0.367152,0.695061
0.128014,0.126481,0.365457,0.700407
0.12987,0.128014,0.363825,0.687159
0.129504,0.12987,0.35943,0.683324
0.13222,0.129504,0.351331,0.676119
0.133951,0.13222,0.348443,0.685764
0.13405,0.133951,0.351425,0.695991
0.136678,0.13405,0.356197,0.686578
0.137628,0.136678,0.35786,0.686578
0.13616,0.137628,0.353089,0.681464
0.137368,0.13616,0.35786,0.677862
0.139583,0.137368,0.35604,0.704939
0.141711,0.139583,0.357515,0.716095
0.142735,0.141711,0.364139,0.72853
0.144274,0.142735,0.364044,0.708658
0.146453,0.144274,0.35786,0.699012
0.14546,0.146453,0.354658,0.699012
0.147154,0.14546,0.356291,0.799535
0.145309,0.147154,0.35786,0.745264
0.141502,0.145309,0.35786,0.737711
0.143207,0.141502,0.35943,0.751075
0.145319,0.143207,0.357672,0.751075
0.149826,0.145319,0.356165,0.749216
0.150179,0.149826,0.356291,0.729227
0.151239,0.150179,0.356197,0.725392
0.153939,0.151239,0.35943,0.719117
0.153086,0.153939,0.35943,0.709355
0.156192,0.153086,0.360999,0.692504
0.156864,0.156192,0.359147,0.686229
0.15687,0.156864,0.35786,0.668565
0.157442,0.15687,0.359273,0.679256
0.154028,0.157442,0.357766,0.679837
0.154366,0.154028,0.35786,0.679605
0.151268,0.154366,0.357641,0.673329
0.150584,0.151268,0.357703,0.677513
0.154919,0.150584,0.35808,0.704939
0.156906,0.154919,0.35786,0.704939
0.153866,0.156906,0.356291,0.687972
0.148627,0.153866,0.356385,0.683788
0.148945,0.148627,0.357735,0.689599
0.144977,0.148945,0.357515,0.689018
0.145353,0.144977,0.356416,0.685532
0.148307,0.145353,0.353466,0.692504
0.147101,0.148307,0.353309,0.709006
0.145967,0.147101,0.349636,0.720279
0.147179,0.145967,0.34973,0.713306
0.148955,0.147179,0.349887,0.699128
0.148507,0.148955,0.352963,0.716212
0.148618,0.148507,0.353214,0.716212
0.146557,0.148618,0.354815,0.721209
0.146873,0.146557,0.354407,0.731784
0.147126,0.146873,0.356385,0.7276
0.145652,0.147126,0.356322,0.7276
0.146205,0.145652,0.357798,0.722719
0.147509,0.146205,0.359053,0.720744
0.14772,0.147509,0.359367,0.726322
0.14762,0.14772,0.373619,0.736084
0.145433,0.14762,0.37365,0.736084
0.145619,0.145433,0.381404,0.723068
0.146563,0.145619,0.374843,0.708193
0.146711,0.146563,0.373305,0.725276
0.147012,0.146711,0.370291,0.739454
0.147085,0.147012,0.37343,0.724811
0.148385,0.147085,0.378359,0.728646
0.148946,0.148385,0.387713,0.734689
0.149709,0.148946,0.384417,0.73283
0.151325,0.149709,0.393898,0.705985
0.153288,0.151325,0.389001,0.705985
0.154022,0.153288,0.393678,0.709006
0.15432,0.154022,0.392297,0.708774
0.155144,0.15432,0.398481,0.732249
0.157596,0.155144,0.404759,0.746659
0.159973,0.157596,0.406297,0.748053
0.161524,0.159973,0.425446,0.745613
0.163276,0.161524,0.434706,0.74817
0.163253,0.163276,0.411351,0.741894
0.165132,0.163253,0.398575,0.754561
0.165528,0.165132,0.394023,0.754561
0.165707,0.165528,0.398543,0.759558
0.166853,0.165707,0.401745,0.768274
0.168514,0.166853,0.40501,0.769088
0.170281,0.168514,0.406203,0.767577
0.171592,0.170281,0.407678,0.767461
0.172864,0.171592,0.407741,0.773155
0.174256,0.172864,0.40771,0.780941
0.173693,0.174256,0.407145,0.78896
0.17684,0.173693,0.40727,0.791981
0.177849,0.17684,0.406768,0.777106
0.180648,0.177849,0.406517,0.773155
0.181353,0.180648,0.406517,0.767345
0.184762,0.181353,0.406799,0.769204
0.176697,0.184762,0.418446,0.798257
0.175966,0.176697,0.418446,0.797908
0.172613,0.175966,0.420078,0.792562
0.17019,0.172613,0.420172,0.76502
0.173076,0.17019,0.40975,0.756188
0.180697,0.173076,0.409656,0.745729
0.18858,0.180697,0.408714,0.751424
0.190444,0.18858,0.408181,0.751424
0.192143,0.190444,0.411445,0.747008
0.197202,0.192143,0.409656,0.756537
0.197554,0.197202,0.408086,0.756537
0.197128,0.197554,0.406642,0.757699
0.1953,0.197128,0.406611,0.749216
0.197803,0.1953,0.406517,0.733992
0.200588,0.197803,0.419073,0.704474
0.201219,0.200588,0.420643,0.695991
0.202352,0.201219,0.420863,0.678791
0.205465,0.202352,0.420706,0.684602
0.205006,0.205465,0.423091,0.656014
0.205983,0.205006,0.420737,0.658338
0.211112,0.205983,0.420298,0.631493
0.211747,0.211112,0.421585,0.630099
0.214486,0.211747,0.422212,0.645671
0.217828,0.214486,0.424033,0.632772
0.218683,0.217828,0.423876,0.619059
0.215091,0.218683,0.427047,0.626496
0.220829,0.215091,0.430123,0.651714
0.222228,0.220829,0.434738,0.666241
0.227405,0.222228,0.436307,0.666241
0.229359,0.227405,0.438034,0.669727
0.227102,0.229359,0.445725,0.671238
0.230293,0.227102,0.445725,0.687507
0.231791,0.230293,0.456084,0.679256
0.239986,0.231791,0.463178,0.673329
0.24231,0.239986,0.46142,0.648112
0.249418,0.24231,0.464622,0.628937
0.252247,0.249418,0.489421,0.614526
0.243303,0.252247,0.467667,0.581987
0.248008,0.243303,0.475609,0.581987
0.25462,0.248008,0.487914,0.607438
0.261793,0.25462,0.481385,0.605694
0.267049,0.261793,0.482766,0.595933
0.264172,0.267049,0.470743,0.525625
0.25705,0.264172,0.477241,0.4
0.25006,0.25705,0.474165,0.438698
0.250235,0.25006,0.466317,0.415224
0.24183,0.250235,0.464748,0.403486
0.23776,0.24183,0.464685,0.391749
0.243437,0.23776,0.49143,0.342824
0.241681,0.243437,0.494255,0.332597
0.246718,0.241681,0.467824,0.301453
0.244679,0.246718,0.46773,0.314701
0.250743,0.244679,0.467636,0.323068
0.256158,0.250743,0.467541,0.291226
0.262471,0.256158,0.467447,0.324811
0.263437,0.262471,0.467604,0.305055
0.272997,0.263437,0.495825,0.404765
0.276062,0.272997,0.496076,0.404765
0.274027,0.276062,0.492811,0.382568
0.280603,0.274027,0.492811,0.372923
0.287205,0.280603,0.489986,0.38896
0.292393,0.287205,0.489829,0.369785
0.299804,0.292393,0.489672,0.369785
0.300413,0.299804,0.489704,0.37269
0.301309,0.300413,0.489704,0.349216
0.310609,0.301309,0.489955,0.324695
0.32176,0.310609,0.481856,0.329343
0.331968,0.32176,0.478999,0.317722
0.341044,0.331968,0.478905,0.300872
0.34929,0.341044,0.481856,0.232191
0.356873,0.34929,0.486565,0.241836
0.370093,0.356873,0.486565,0.254619
0.383773,0.370093,0.490018,0.288321
0.394684,0.383773,0.489704,0.2767
0.406924,0.394684,0.488134,0.268449
0.422385,0.406924,0.488134,0.26566
0.441295,0.422385,0.489861,0.308425
0.460253,0.441295,0.489704,0.309239
0.470974,0.460253,0.489923,0.321441
0.471679,0.470974,0.489704,0.360837
0.470406,0.471679,0.493188,0.348286
0.490646,0.470406,0.496107,0.358861
0.501709,0.490646,0.508852,0.358861
0.504114,0.501709,0.517956,0.349797
0.491127,0.504114,0.521095,0.348518
0.489683,0.491127,0.529288,0.338524
0.475,0.489683,0.527373,0.381639
0.465854,0.475,0.534625,0.424753
0.478705,0.465854,0.53993,0.407786
0.481987,0.478705,0.53836,0.40244
0.474656,0.481987,0.543383,0.416851
0.461707,0.474656,0.543069,0.409181
0.445493,0.461707,0.543069,0.418942
0.451466,0.445493,0.538611,0.403951
0.468276,0.451466,0.536916,0.438466
0.466792,0.468276,0.536791,0.438466
0.475311,0.466792,0.536069,0.449274
0.494975,0.475311,0.535849,0.459733
0.514216,0.494975,0.533118,0.48774
0.536824,0.514216,0.53158,0.48774
0.538267,0.536824,0.531737,0.474956
0.537786,0.538267,0.531454,0.477862
0.555103,0.537786,0.541499,0.481697
0.568758,0.555103,0.557383,0.452063
0.570015,0.568758,0.557509,0.452644
0.57723,0.570015,0.561276,0.46043
0.591661,0.57723,0.571635,0.473794
0.611383,0.591661,0.58394,0.487623
0.625731,0.611383,0.590218,0.501453
0.64531,0.625731,0.590218,0.499826
0.669126,0.64531,0.615175,0.493085
0.682786,0.669126,0.605914,0.464846
0.705315,0.682786,0.591443,0.473329
0.717668,0.705315,0.597784,0.475654
0.712843,0.717668,0.598066,0.484602
0.744074,0.712843,0.596183,0.481232
0.775837,0.744074,0.594676,0.488437
0.779918,0.775837,0.655795,0.497037
0.796293,0.779918,0.679527,0.499709
0.837406,0.796293,0.685962,0.500407
0.840612,0.837406,0.682823,0.49785
0.843563,0.840612,0.696949,0.502963
0.837607,0.843563,0.698173,0.502847
0.872018,0.837607,0.707936,0.502847
0.876484,0.872018,0.7139,0.492853
0.887419,0.876484,0.714026,0.497385
0.885898,0.887419,0.720147,0.508309
0.870199,0.885898,0.725044,0.501104
0.897078,0.870199,0.724981,0.501104
0.925876,0.897078,0.709505,0.502034
0.921741,0.925876,0.642014,0.514003
0.91451,0.921741,0.638592,0.51412
0.939328,0.91451,0.637305,0.503661
0.936119,0.939328,0.637086,0.508774
0.929144,0.936119,0.643238,0.510866
0.934316,0.929144,0.64327,0.506101
0.915763,0.934316,0.643489,0.512609
0.943562,0.915763,0.668697,0.505869
0.967536,0.943562,0.681253,0.505869
0.958792,0.967536,0.687437,0.510052
0.959544,0.958792,0.6999,0.515282
0.978511,0.959544,0.712644,0.525625
1,0.978511,0.684392,0.519001
0.993369,1,0.658934,0.522487
0.961982,0.993369,0.680625,0.517722
0.950289,0.961982,0.684392,0.527949
0.915518,0.950289,0.69224,0.521092
0.872373,0.915518,0.687531,0.522371
0.873382,0.872373,0.704702,0.526438
0.87804,0.873382,0.706366,0.52423
0.845285,0.87804,0.702945,0.525508
0.830844,0.845285,0.706366,0.514817
0.799562,0.830844,0.706209,0.522138
0.773716,0.799562,0.705738,0.528879
0.793833,0.773716,0.705644,0.538873
0.82677,0.793833,0.721873,0.539221
0.831188,0.82677,0.72677,0.530273
0.810403,0.831188,0.71886,0.530738
0.784977,0.810403,0.712456,0.514236
0.789861,0.784977,0.704797,0.49204
0.792659,0.789861,0.709505,0.49204
0.773109,0.792659,0.709348,0.488321
0.755233,0.773109,0.714214,0.465776
0.748631,0.755233,0.71412,0.473213
0.76183,0.748631,0.726927,0.463684
0.759147,0.76183,0.73578,0.462522
0.773243,0.759147,0.740583,0.459849
0.801127,0.773243,0.83507,0.471935
0.819714,0.801127,0.834945,0.492156
0.817509,0.819714,0.830236,0.500755
0.794772,0.817509,0.856919,0.500755
0.767306,0.794772,0.845838,0.485299
0.760592,0.767306,0.853936,0.484951
0.775149,0.760592,0.872614,0.481232
0.777182,0.775149,0.894839,0.486113
0.756247,0.777182,0.900929,0.492853
0.729201,0.756247,0.908683,0.498315
0.718123,0.729201,0.894714,0.479954
0.723179,0.718123,0.902562,0.487623
0.743735,0.723179,0.89305,0.455433
0.732579,0.743735,0.847407,0.455433
0.71681,0.732579,0.885202,0.482045
0.728608,0.71681,0.916625,0.490413
0.741118,0.728608,0.916688,0.488902
0.741665,0.741118,0.940357,0.497385
0.768219,0.741665,0.977681,0.509006
0.759811,0.768219,0.954169,0.485183
0.759846,0.759811,0.982609,0.493202
0.751058,0.759846,0.988825,0.503312
0.728399,0.751058,1,0.497501
0.703444,0.728399,0.970084,0.493085
0.682725,0.703444,0.864704,0.499128
0.679352,0.682725,0.904131,0.48437
0.660952,0.679352,0.910347,0.483905
0.642934,0.660952,0.878516,0.474143
0.626185,0.642934,0.886018,0.483091
0.61971,0.626185,0.874152,0.460081
0.628209,0.61971,0.843546,0.440325
0.615664,0.628209,0.854031,0.455084
0.608274,0.615664,0.886552,0.462987
0.620766,0.608274,0.908055,0.477862
0.607472,0.620766,0.769054,0.46136
0.596704,0.607472,0.737663,0.472981
0.584524,0.596704,0.778472,0.49204
0.582974,0.584524,0.850672,0.507496
0.584524,0.582974,0.847533,0.508077
0.600122,0.584524,0.83981,0.496223
0.604824,0.600122,0.816267,0.496223
0.612704,0.604824,0.812971,0.509704
0.623867,0.612704,0.812939,0.509471
0.647121,0.623867,0.804307,0.515747
0.657338,0.647121,0.81476,0.52423
0.65364,0.657338,0.799002,0.523765
0.661664,0.65364,0.80189,0.533411
0.652724,0.661664,0.786226,0.555142
0.657643,0.652724,0.783212,0.563974
0.669011,0.657643,0.777028,0.561069
0.686518,0.669011,0.770687,0.558512
0.705151,0.686518,0.784876,0.550726
0.708887,0.705151,0.804119,0.560139
0.707572,0.708887,0.804338,0.569204
0.717069,0.707572,0.806818,0.570017
0.732653,0.717069,0.803459,0.581639
0.727738,0.732653,0.803459,0.566066
0.725144,0.727738,0.803428,0.568042
0.724528,0.725144,0.815451,0.567577
0.734742,0.724528,0.81633,0.580825
0.729118,0.734742,0.81002,0.580825
0.713917,0.729118,0.806598,0.58466
0.68706,0.713917,0.81159,0.589076
0.679862,0.68706,0.809989,0.593144
0.695046,0.679862,0.800446,0.605694
0.692255,0.695046,0.797212,0.608019
